name,id,department,img_link,status
[NS³²¼ø],wnnw,±âÈ¹,http://stimg.afreecatv.com/LOGO/wn/wnnw/wnnw.jpg,
°âµÕÀÌ,jyurim99,¹ÂÁ÷,http://stimg.afreecatv.com/LOGO/jy/jyurim99/jyurim99.jpg,
¢¾Á®¸®¢¾,tlswlgus95,¹ÂÁ÷,http://stimg.afreecatv.com/LOGO/tl/tlswlgus95/tlswlgus95.jpg,
¾È¿¹½½¶ì,indy1028,¹ÂÁ÷,http://stimg.afreecatv.com/LOGO/in/indy1028/indy1028.jpg,
¹è±×³ª,goodb99,¹ÂÁ÷,http://stimg.afreecatv.com/LOGO/go/goodb99/goodb99.jpg,
ºı´ÙÇı¢¾,dkjfke,¹ÂÁ÷,http://stimg.afreecatv.com/LOGO/dk/dkjfke/dkjfke.jpg,
¹ÌÄ¹¢¾,jieujieun11,¹ÂÁ÷,http://stimg.afreecatv.com/LOGO/ji/jieujieun11/jieujieun11.jpg,
Áø¼Ö[Ú¸],ooo9330,¹ÂÁ÷,http://stimg.afreecatv.com/LOGO/oo/ooo9330/ooo9330.jpg,
±Çµµ¿¬¢Ü,tpqhrdl,¹ÂÁ÷,http://stimg.afreecatv.com/LOGO/tp/tpqhrdl/tpqhrdl.jpg,
ÁöºØÀ§¼ÒÈñ,thwl9386,¹ÂÁ÷,http://stimg.afreecatv.com/LOGO/th/thwl9386/thwl9386.jpg,
¹é´Ù¿¬,ekdus0830,¹ÂÁ÷,http://stimg.afreecatv.com/LOGO/ek/ekdus0830/ekdus0830.jpg,
±èÇĞ¼ö,skygkrtn,±âÈ¹,http://stimg.afreecatv.com/LOGO/sk/skygkrtn/skygkrtn.jpg,
»§ÈÆÀÌ,vlfvlf789,±âÈ¹,http://stimg.afreecatv.com/LOGO/vl/vlfvlf789/vlfvlf789.jpg,
ÃÖ±úºñ,sunwo2534,±âÈ¹,http://stimg.afreecatv.com/LOGO/su/sunwo2534/sunwo2534.jpg,
°­¹Î¾Æ¡Æ,1000song2,±âÈ¹,http://stimg.afreecatv.com/LOGO/10/1000song2/1000song2.jpg,
³¯¹Ú,p0r0r0,±âÈ¹,http://stimg.afreecatv.com/LOGO/p0/p0r0r0/p0r0r0.jpg,
SlowVita,kunbams,±âÈ¹,http://stimg.afreecatv.com/LOGO/ku/kunbams/kunbams.jpg,ÈŞÁ÷
[DM]Äı´Ù¹Ì,damikim,¿£ÅÍ,http://stimg.afreecatv.com/LOGO/da/damikim/damikim.jpg,
¾Æ¶ì_¢¾,jha0331,¿£ÅÍ,http://stimg.afreecatv.com/LOGO/jh/jha0331/jha0331.jpg,
¢ª¼³ÇÏ¢ª,wendysul,¿£ÅÍ,http://stimg.afreecatv.com/LOGO/we/wendysul/wendysul.jpg,ÈŞÁ÷
±ë¿¹¼Ö,yunhee1222,¿£ÅÍ,http://stimg.afreecatv.com/LOGO/yu/yunhee1222/yunhee1222.jpg,
·ùÇÏ¢½,rrrr4719,¹ÂÁ÷,http://stimg.afreecatv.com/LOGO/rr/rrrr4719/rrrr4719.jpg,
¶ÑºÎ¢¾,2boo2boo,¿£ÅÍ,http://stimg.afreecatv.com/LOGO/2b/2boo2boo/2boo2boo.jpg,
¢½µµ¿ø¢½,domangcha13,¿£ÅÍ,http://stimg.afreecatv.com/LOGO/do/domangcha13/domangcha13.jpg,
¢½ÅÂ¸®Ãò¢½,taeri0806,¿£ÅÍ,http://stimg.afreecatv.com/LOGO/ta/taeri0806/taeri0806.jpg,
Âé·¯½º¢¾,churros05,±âÈ¹,http://stimg.afreecatv.com/LOGO/ch/churros05/churros05.jpg,
·Î¸µ¢¾,kchoij,±âÈ¹,http://stimg.afreecatv.com/LOGO/kc/kchoij/kchoij.jpg,
¾È³çÇÏ¼ÒHASO,name1234,¹ÂÁ÷,http://stimg.afreecatv.com/LOGO/na/name1234/name1234.jpg,
¢¾¼³À±¢¾,rkdtnwls0718,¿£ÅÍ,http://stimg.afreecatv.com/LOGO/rk/rkdtnwls0718/rkdtnwls0718.jpg,
Ãò¸¨ÂÉ¾Ó¢¾,hhy2124,¿£ÅÍ,http://stimg.afreecatv.com/LOGO/hh/hhy2124/hhy2124.jpg,
¹Î¼­À²¢½,b24ip7,¿£ÅÍ,http://stimg.afreecatv.com/LOGO/b2/b24ip7/b24ip7.jpg,
´Üº°Â»¡Ù,danstar11,±âÈ¹,http://stimg.afreecatv.com/LOGO/da/danstar11/danstar11.jpg,
